{"build": 14.971494674682617, "search": 55558.05325508118, "mapped": 100}