{"build": 22.101640701293945, "search": 30.11941909790039, "mapped": 100}